<?xml version="1.0" encoding="UTF-8"?>
<project-private xmlns="http://www.netbeans.org/ns/project-private/1">
    <editor-bookmarks xmlns="http://www.netbeans.org/ns/editor-bookmarks/2" lastBookmarkId="0"/>
    <open-files xmlns="http://www.netbeans.org/ns/projectui-open-files/2">
        <group>
            <file>file:/home/soner/Desktop/HW10_141044085_Soner_Akar/src/hw10_141044085_soner_akar/MyCalc.java</file>
            <file>file:/home/soner/Desktop/HW10_141044085_Soner_Akar/src/hw10_141044085_soner_akar/Expression.java</file>
        </group>
    </open-files>
</project-private>
